user_id,user_name,post_id,post_title,comment_id,comment_body,comment_email
2,Ervin Howell,20,doloribus ad provident suscipit at,100,architecto dolorem ab explicabo et provident et et eos illo omnis mollitia ex aliquam atque ut ipsum nulla nihil quis voluptas aut debitis facilis,Leone_Fay@orrin.com
2,Ervin Howell,20,doloribus ad provident suscipit at,99,aut quam consequatur sit et repellat maiores laborum similique voluptatem necessitatibus nihil et debitis nemo occaecati cupiditate modi dolorum quia aut,Hildegard.Aufderhar@howard.com
2,Ervin Howell,20,doloribus ad provident suscipit at,98,ex et expedita cum voluptatem voluptatem ab expedita quis nihil esse quo nihil perferendis dolores velit ut culpa aut dolor maxime necessitatibus voluptatem,Torrey@june.tv
2,Ervin Howell,19,adipisci placeat illum aut reiciendis qui,95,at ut tenetur rem ut fuga quis ea magnam alias aut tempore fugiat laboriosam porro quia iure qui architecto est enim,Juston.Ruecker@scot.tv
2,Ervin Howell,19,adipisci placeat illum aut reiciendis qui,94,reiciendis delectus nulla quae voluptas nihil provident quia ab corporis nesciunt blanditiis quibusdam et unde et magni eligendi aperiam corrupti perspiciatis quasi neque iure voluptatibus mollitia,Tatum_Marks@jaylon.name
2,Ervin Howell,19,adipisci placeat illum aut reiciendis qui,93,ut quis et id repellat labore nobis itaque quae saepe est ullam aut dolor id ut quis sunt iure voluptates expedita voluptas doloribus modi saepe autem,Roma_Doyle@alia.com
2,Ervin Howell,18,voluptate et itaque vero tempora molestiae,90,vitae cupiditate excepturi eum veniam laudantium aspernatur blanditiis aspernatur quia ut assumenda et magni enim magnam in voluptate tempora non qui voluptatem reprehenderit porro qui voluptatibus,Sandy.Erdman@sabina.info
2,Ervin Howell,18,voluptate et itaque vero tempora molestiae,89,quibusdam rerum quia nostrum culpa culpa est natus impedit quo rem voluptate quos rerum culpa aut ut consectetur sunt esse laudantium voluptatibus cupiditate rerum,Isac_Schmeler@barton.com
2,Ervin Howell,18,voluptate et itaque vero tempora molestiae,88,laudantium corrupti atque exercitationem quae enim et veniam dicta autem perspiciatis sit dolores minima consectetur tenetur iste facere amet est neque,Jovanny@abigale.ca
2,Ervin Howell,17,fugit voluptas sed molestias voluptatem provident,85,quisquam incidunt dolores sint qui doloribus provident vel cupiditate deleniti alias voluptatem placeat ad ut dolorem illum unde iure quis libero neque ea et distinctio id,Alexzander_Davis@eduardo.name
2,Ervin Howell,17,fugit voluptas sed molestias voluptatem provident,84,ratione ut magni voluptas explicabo natus quia consequatur nostrum aut omnis enim in qui illum aut atque laboriosam aliquid blanditiis quisquam et laborum,Bernie.Bergnaum@lue.com
2,Ervin Howell,17,fugit voluptas sed molestias voluptatem provident,83,et consequatur voluptates magnam fugit sunt repellendus nihil earum officiis aut cupiditate et distinctio laboriosam molestiae sunt dolor explicabo recusandae,Sage_Mueller@candace.net
2,Ervin Howell,16,sint suscipit perspiciatis velit dolorum rerum ipsa laboriosam odio,80,dignissimos itaque ab et tempore odio omnis voluptatem itaque perferendis rem repellendus tenetur nesciunt velit qui cupiditate recusandae quis debitis dolores aliquam nam,Evangeline@chad.net
2,Ervin Howell,16,sint suscipit perspiciatis velit dolorum rerum ipsa laboriosam odio,79,et inventore sapiente sed sunt similique fugiat officia velit doloremque illo eligendi quas sed rerum in quidem perferendis facere molestias dolore dolor voluptas nam vel quia,Esther_Ratke@shayna.biz
2,Ervin Howell,16,sint suscipit perspiciatis velit dolorum rerum ipsa laboriosam odio,78,qui adipisci eveniet excepturi iusto magni et enim ducimus asperiores blanditiis nemo commodi nihil ex enim rerum vel nobis nostrum et non,Catharine@jordyn.com
4,Patricia Lebsack,40,enim quo cumque,200,facere maxime alias aspernatur ab quibusdam necessitatibus ratione similique error enim sed minus et et provident minima voluptatibus,Amir@kaitlyn.org
4,Patricia Lebsack,40,enim quo cumque,199,veniam eos ab voluptatem in fugiat ipsam quis officiis non qui quia ut id voluptates et a molestiae commodi quam dolorem enim soluta impedit autem nulla,Cooper_Boehm@damian.biz
4,Patricia Lebsack,40,enim quo cumque,198,est veritatis mollitia atque quas et sint et dolor et ut beatae aut magni corporis dolores voluptatibus optio molestiae enim minus est reiciendis facere voluptate rem officia doloribus ut,Christop_Friesen@jordan.me
4,Patricia Lebsack,39,eos dolorem iste accusantium est eaque quam,195,culpa voluptas quidem eos quis excepturi quasi corporis provident enim provident velit ex occaecati deleniti id aspernatur fugiat eligendi,Frank@rosalind.name
4,Patricia Lebsack,39,eos dolorem iste accusantium est eaque quam,194,aut distinctio iusto autem sit libero deleniti est soluta non perferendis illo eveniet corrupti est sint quae sed sunt voluptatem,Alphonso_Rosenbaum@valentin.co.uk
4,Patricia Lebsack,39,eos dolorem iste accusantium est eaque quam,193,laudantium consequatur sed adipisci a odit quia necessitatibus qui numquam expedita est accusantium nostrum occaecati perspiciatis molestiae nostrum atque,Alena@deron.name
4,Patricia Lebsack,38,explicabo et eos deleniti nostrum ab id repellendus,190,laudantium vero similique eum iure iste culpa praesentium molestias doloremque alias et at doloribus aperiam natus est illo quo ratione porro excepturi,Dominique_Hermann@paige.ca
4,Patricia Lebsack,38,explicabo et eos deleniti nostrum ab id repellendus,189,nostrum excepturi debitis cum architecto iusto laudantium odit aut dolor voluptatem consectetur nulla mollitia beatae autem quasi nemo repellendus ut ea et aut architecto odio cum quod optio,Lottie_Wyman@jasen.biz
4,Patricia Lebsack,38,explicabo et eos deleniti nostrum ab id repellendus,188,quam magni adipisci totam ut reprehenderit ut tempore non asperiores repellendus architecto aperiam dignissimos est aut reiciendis consectetur voluptate nihil culpa at molestiae labore qui ea,Nichole_Bartoletti@mozell.me
4,Patricia Lebsack,37,provident vel ut sit ratione est,185,deleniti non et corrupti delectus ea cupiditate at nihil fuga rerum temporibus doloribus unde sed alias ducimus perspiciatis quia debitis fuga,Vivianne@ima.us
4,Patricia Lebsack,37,provident vel ut sit ratione est,184,odio saepe ad error minima itaque omnis fuga corrupti qui eaque cupiditate eum vitae laborum rerum ut reprehenderit architecto sit debitis magnam qui corrupti cum quidem commodi facere corporis,Lowell.Pagac@omari.biz
4,Patricia Lebsack,37,provident vel ut sit ratione est,183,tempora soluta voluptas deserunt non fugiat similique est natus enim eum error magni soluta dolores sit doloremque,Hildegard@alford.ca
4,Patricia Lebsack,36,fuga nam accusamus voluptas reiciendis itaque,180,recusandae temporibus nihil non alias consequatur libero voluptatem sed soluta accusamus a qui reiciendis officiis ad quia laborum libero et rerum voluptas sed ut et,Carolyn@eloisa.biz
4,Patricia Lebsack,36,fuga nam accusamus voluptas reiciendis itaque,179,non saepe ipsa velit sunt totam ipsum optio voluptatem nesciunt qui iste eum et deleniti ullam,Thea@aurelio.org
4,Patricia Lebsack,36,fuga nam accusamus voluptas reiciendis itaque,178,sit maxime fugit sequi culpa optio consequatur voluptatem dolor expedita enim iure eum reprehenderit doloremque aspernatur modi voluptatem culpa nostrum quod atque rerum sint laboriosam et,Darryl@reginald.us
6,Mrs. Dennis Schulist,60,consequatur placeat omnis quisquam quia reprehenderit fugit veritatis facere,300,dolorem fugit quidem animi quas quisquam reprehenderit occaecati et dolor laborum nemo sed quas unde deleniti facere eligendi placeat aliquid aspernatur commodi sunt impedit neque corrupti alias molestiae magni tempora,Letha@liliane.ca
6,Mrs. Dennis Schulist,60,consequatur placeat omnis quisquam quia reprehenderit fugit veritatis facere,299,voluptatem omnis pariatur aut saepe enim qui aut illo aut sed aperiam expedita debitis tempore animi dolorem ut libero et eos unde ex,Nelson@charlene.biz
6,Mrs. Dennis Schulist,60,consequatur placeat omnis quisquam quia reprehenderit fugit veritatis facere,298,molestiae accusantium a tempore occaecati qui sunt optio eos exercitationem quas eius voluptatem omnis quibusdam autem molestiae odio dolor quam laboriosam mollitia in quibusdam sunt,Norberto_Weimann@ford.tv
6,Mrs. Dennis Schulist,59,qui commodi dolor at maiores et quis id accusantium,295,voluptatem est aspernatur consequatur vel facere ut omnis tenetur non ea eos quibusdam error odio atque consectetur voluptatem eligendi,Abigail@trudie.com
6,Mrs. Dennis Schulist,59,qui commodi dolor at maiores et quis id accusantium,294,ut est veritatis animi quos nam sed dolor itaque omnis nostrum autem molestiae aut optio tempora ad sapiente quae voluptatem perferendis repellat,Earnest.Sanford@lane.us
6,Mrs. Dennis Schulist,59,qui commodi dolor at maiores et quis id accusantium,293,fugiat dicta quasi voluptatibus ea aut est aspernatur sed corrupti harum non omnis eos eaque quos ut quia et et nisi rerum voluptates possimus quis recusandae aperiam quia esse,Kailee.Larkin@amina.org
6,Mrs. Dennis Schulist,58,voluptatum itaque dolores nisi et quasi,290,pariatur veniam repellat quisquam tempore autem et voluptatem itaque ea impedit ex molestiae placeat hic harum mollitia dolorem inventore accusantium aut quae quia rerum autem numquam nulla culpa quasi dolor,Juana_Stamm@helmer.com
6,Mrs. Dennis Schulist,58,voluptatum itaque dolores nisi et quasi,289,occaecati tempora unde maiores aliquid in quo libero sint quidem at est facilis ipsa facere nostrum atque harum,Paolo@cristopher.com
6,Mrs. Dennis Schulist,58,voluptatum itaque dolores nisi et quasi,288,est sed illo omnis delectus aut laboriosam possimus incidunt est sunt at nemo voluptas ex ipsam voluptatibus inventore velit sit et numquam omnis accusamus in,Caleigh@eleanore.org
6,Mrs. Dennis Schulist,57,sed ab est est,285,est accusamus facere reprehenderit corporis ad et est fugit iure nulla et doloribus reiciendis quasi autem voluptas ipsam labore et pariatur quia,Remington_Mohr@vincenza.me
6,Mrs. Dennis Schulist,57,sed ab est est,284,rem ut sed non cumque corrupti vel nam rerum autem nobis dolorem necessitatibus fugit corporis quos sint distinctio ex et animi tempore,Jarred@dangelo.name
6,Mrs. Dennis Schulist,57,sed ab est est,283,perspiciatis omnis eum nihil et porro facilis fuga qui deleniti id et velit adipisci fuga voluptatibus voluptatum debitis tempore dolorem atque consequatur ea perspiciatis sed qui temporibus doloremque,Owen_Moore@jeremy.org
6,Mrs. Dennis Schulist,56,qui et at rerum necessitatibus,280,perferendis fugit expedita cumque exercitationem animi fugit aut earum nihil quia illum eum dicta ut quam commodi optio,Aglae@gerardo.name
6,Mrs. Dennis Schulist,56,qui et at rerum necessitatibus,279,natus atque ipsum voluptatem et necessitatibus atque quia asperiores animi odit ratione quos est repellendus sit aut repudiandae animi aut cum blanditiis repudiandae saepe laborum,Edythe@general.org
6,Mrs. Dennis Schulist,56,qui et at rerum necessitatibus,278,corporis perferendis dolorum error quo rerum aut odio veritatis sit deleniti aut eligendi quam doloremque aut ipsam sint doloribus id voluptatem esse reprehenderit molestiae quia voluptatem incidunt illo beatae nihil corporis eligendi iure quo,Natalia@caitlyn.ca
8,Nicholas Runolfsdottir V,80,labore in ex et explicabo corporis aut quas,400,natus iure velit impedit sed officiis sint molestiae non beatae illo consequatur minima sed ratione est tenetur,Brennon@carmela.tv
8,Nicholas Runolfsdottir V,80,labore in ex et explicabo corporis aut quas,399,corrupti ut et eveniet culpa veritatis eos sequi fugiat commodi consequuntur ipsa totam voluptatem perferendis ducimus aut exercitationem magni eos mollitia quia,Jaycee@aimee.us
8,Nicholas Runolfsdottir V,80,labore in ex et explicabo corporis aut quas,398,libero atque accusamus blanditiis minima eveniet corporis est aliquid dolores asperiores neque quibusdam quaerat error esse non qui et adipisci magni illo hic qui qui dignissimos earum,Gennaro@jaunita.co.uk
8,Nicholas Runolfsdottir V,79,pariatur consequatur quia magnam autem omnis non amet,395,esse vel reiciendis nobis inventore vero est fugit inventore ea quo consequatur aut autem deserunt ratione et repellendus nihil quam quidem iure est nihil mollitia,Noemy.Hammes@lisette.net
8,Nicholas Runolfsdottir V,79,pariatur consequatur quia magnam autem omnis non amet,394,voluptatem quisquam pariatur voluptatum qui quaerat et minus ea aliquam ullam dolorem consequatur ratione at ad nemo aperiam excepturi deleniti qui numquam quis hic nostrum tempora quidem,Kyleigh@ruben.org
8,Nicholas Runolfsdottir V,79,pariatur consequatur quia magnam autem omnis non amet,393,et quia explicabo ut hic commodi quas provident aliquam nihil vitae in voluptatem commodi vero velit optio omnis accusamus corrupti voluptatem,Donna@frederik.com
8,Nicholas Runolfsdottir V,78,quam voluptatibus rerum veritatis,390,dolor ratione ab repellendus aut quia reiciendis sed est alias ex odio voluptatem velit odit tempora nihil optio aperiam blanditiis labore porro id velit dolor veritatis,Beverly@perry.org
8,Nicholas Runolfsdottir V,78,quam voluptatibus rerum veritatis,389,dolore nihil perferendis dolor hic repudiandae iste doloribus labore quaerat et molestiae dolores sit excepturi sint et eum et aut,Enrico_Feil@liana.biz
8,Nicholas Runolfsdottir V,78,quam voluptatibus rerum veritatis,388,facilis et totam voluptatibus est optio cum facilis qui aut blanditiis rerum voluptatem accusamus et omnis quasi sint,Eleanora@karson.net
8,Nicholas Runolfsdottir V,77,necessitatibus quasi exercitationem odio,385,sit fugiat est autem quia ipsam error ab voluptatem sed ab labore molestiae qui debitis exercitationem non et sunt officia illo possimus iste tenetur est dolores voluptas ad aspernatur nihil,Lonzo@lorena.org
8,Nicholas Runolfsdottir V,77,necessitatibus quasi exercitationem odio,384,blanditiis dolor sint nulla cum quidem aliquid voluptatem perferendis dolor consequatur voluptas et ut quisquam tempora tenetur maxime minus animi qui id eum accusantium et optio et blanditiis maxime,Angelita@sally.org
8,Nicholas Runolfsdottir V,77,necessitatibus quasi exercitationem odio,383,qui quaerat id repellendus aut qui maiores quidem consequatur dignissimos deleniti deserunt eveniet libero a repellat ducimus quia aut dignissimos numquam molestiae consequatur sit impedit nostrum et sunt iure,Reagan_Ziemann@ross.io
8,Nicholas Runolfsdottir V,76,doloremque officiis ad et non perferendis,380,voluptatum quis ipsa voluptatem saepe est illum error repellat eaque dolor quae qui eum rerum sunt quam illo voluptates fuga possimus nemo nihil distinctio,Wilson.Nikolaus@fredrick.org
8,Nicholas Runolfsdottir V,76,doloremque officiis ad et non perferendis,379,laboriosam quia animi ut quasi aut enim sequi numquam similique fugiat voluptatum non sed velit quod nisi id quidem magni in eveniet hic,Afton.Medhurst@mina.info
8,Nicholas Runolfsdottir V,76,doloremque officiis ad et non perferendis,378,est molestiae non fugiat voluptatem quo porro aut praesentium ipsam aspernatur perferendis fuga officia sit ut aspernatur rerum est,Nikko_Reynolds@harry.me
10,Clementina DuBuque,100,at nam consequatur ea labore ea harum,500,perspiciatis quis doloremque veniam nisi eos velit sed id totam inventore voluptatem laborum et eveniet aut aut aut maxime quia temporibus ut omnis,Emma@joanny.ca
10,Clementina DuBuque,100,at nam consequatur ea labore ea harum,499,et necessitatibus tempora ipsum quaerat inventore est quasi quidem ea repudiandae laborum omnis ab reprehenderit ut ratione sit numquam culpa a rem atque aut et,Wilburn_Labadie@araceli.name
10,Clementina DuBuque,100,at nam consequatur ea labore ea harum,498,aliquam pariatur suscipit fugiat eos sunt optio voluptatem eveniet rerum dignissimos quia aut beatae modi consequatur qui rerum sint veritatis deserunt est,Davion@eldora.net
10,Clementina DuBuque,99,temporibus sit alias delectus eligendi possimus magni,495,pariatur occaecati ea autem at quis et dolorem similique pariatur ipsa hic et saepe itaque cumque repellendus vel et quibusdam qui aut nemo et illo qui non quod officiis aspernatur qui optio,Alice_Considine@daren.com
10,Clementina DuBuque,99,temporibus sit alias delectus eligendi possimus magni,494,est illum quia alias ipsam minus ut quod vero aut magni harum quis ab minima voluptates nemo non sint quis distinctio officia ea et maxime,Kadin@walter.io
10,Clementina DuBuque,99,temporibus sit alias delectus eligendi possimus magni,493,est eos doloremque autem similique sint fuga atque voluptate est minus tempore quia asperiores aliquam et corporis voluptatem consequatur et eum illo aut qui molestiae et amet,Gilda@jacques.org
10,Clementina DuBuque,98,laboriosam dolor voluptates,490,minus nihil sunt dolor ipsum a illum quis quasi officiis cupiditate architecto sit consequatur ut et sed quasi quam doloremque,Donnie@alfreda.biz
10,Clementina DuBuque,98,laboriosam dolor voluptates,489,et dolorem sit reprehenderit sapiente occaecati iusto sit impedit nobis ut quia maiores debitis pariatur nostrum et aut assumenda error qui deserunt laborum quaerat et,Hilma.Kutch@ottilie.info
10,Clementina DuBuque,98,laboriosam dolor voluptates,488,aut sunt recusandae laboriosam omnis asperiores et nulla ipsum rerum quis doloremque rerum optio mollitia provident sed iste aut id numquam repudiandae veritatis,Albert@johnny.biz
10,Clementina DuBuque,97,quas fugiat ut perspiciatis vero provident,485,soluta quia porro mollitia eos accusamus voluptatem illo perferendis earum quia quo sed ipsam in omnis cum earum tempore eos voluptatem illum doloremque corporis ipsam facere,Lorenza.Carter@consuelo.ca
10,Clementina DuBuque,97,quas fugiat ut perspiciatis vero provident,484,vel libero quo sit vitae id nesciunt ipsam non a aut enim itaque totam illum est cupiditate sit nam exercitationem magnam veniam,Olen@bryce.net
10,Clementina DuBuque,97,quas fugiat ut perspiciatis vero provident,483,quos aut rerum nihil est et dolores commodi voluptas voluptatem excepturi et et expedita dignissimos atque aut reprehenderit quis quo soluta,Hermann.Kunde@rosina.us
10,Clementina DuBuque,96,quaerat velit veniam amet cupiditate aut numquam ut sequi,480,tenetur qui ut architecto officiis voluptatem velit eos molestias incidunt eum dolorum distinctio quam et sequi consequatur nihil voluptates animi,Michel@keira.us
10,Clementina DuBuque,96,quaerat velit veniam amet cupiditate aut numquam ut sequi,479,totam explicabo harum quam impedit sunt doloremque consectetur id et minima eos incidunt quibusdam omnis saepe maiores officiis eligendi alias sint est aut cumque debitis cumque hic aut ut dolorum,Maryam.Mann@thelma.info
10,Clementina DuBuque,96,quaerat velit veniam amet cupiditate aut numquam ut sequi,478,non similique illo quia et rem placeat reprehenderit voluptas velit officiis fugit blanditiis nihil ab deserunt ullam,Hannah@emma.ca
